{"IcoMoonType":"selection","icons":[{"icon":{"paths":["M741.714 755.429c0 14.286-5.714 28.571-16 38.857l-77.714 77.714c-10.286 10.286-24.571 16-38.857 16s-28.571-5.714-38.857-16l-168-168-168 168c-10.286 10.286-24.571 16-38.857 16s-28.571-5.714-38.857-16l-77.714-77.714c-10.286-10.286-16-24.571-16-38.857s5.714-28.571 16-38.857l168-168-168-168c-10.286-10.286-16-24.571-16-38.857s5.714-28.571 16-38.857l77.714-77.714c10.286-10.286 24.571-16 38.857-16s28.571 5.714 38.857 16l168 168 168-168c10.286-10.286 24.571-16 38.857-16s28.571 5.714 38.857 16l77.714 77.714c10.286 10.286 16 24.571 16 38.857s-5.714 28.571-16 38.857l-168 168 168 168c10.286 10.286 16 24.571 16 38.857z"],"width":804.5714285714286,"attrs":[],"isMulticolor":false,"isMulticolor2":false,"tags":["close","remove","times"],"defaultCode":61453,"grid":14},"attrs":[],"properties":{"name":"close, remove, times","id":17,"order":17,"prevSize":28,"code":61453},"setIdx":0,"setId":3,"iconIdx":17},{"icon":{"paths":["M804.571 566.857v274.286c0 20-16.571 36.571-36.571 36.571h-219.429v-219.429h-146.286v219.429h-219.429c-20 0-36.571-16.571-36.571-36.571v-274.286c0-1.143 0.571-2.286 0.571-3.429l328.571-270.857 328.571 270.857c0.571 1.143 0.571 2.286 0.571 3.429zM932 527.429l-35.429 42.286c-2.857 3.429-7.429 5.714-12 6.286h-1.714c-4.571 0-8.571-1.143-12-4l-395.429-329.714-395.429 329.714c-4 2.857-8.571 4.571-13.714 4-4.571-0.571-9.143-2.857-12-6.286l-35.429-42.286c-6.286-7.429-5.143-19.429 2.286-25.714l410.857-342.286c24-20 62.857-20 86.857 0l139.429 116.571v-111.429c0-10.286 8-18.286 18.286-18.286h109.714c10.286 0 18.286 8 18.286 18.286v233.143l125.143 104c7.429 6.286 8.571 18.286 2.286 25.714z"],"width":950.8571428571428,"attrs":[],"isMulticolor":false,"isMulticolor2":false,"tags":["home"],"defaultCode":61461,"grid":14},"attrs":[],"properties":{"name":"home","id":24,"order":18,"prevSize":28,"code":61461},"setIdx":0,"setId":3,"iconIdx":24},{"icon":{"paths":["M863.429 603.429c0 1.143 0 2.857-0.571 4-48.571 202.286-215.429 343.429-426.286 343.429-111.429 0-219.429-44-300.571-121.143l-73.714 73.714c-6.857 6.857-16 10.857-25.714 10.857-20 0-36.571-16.571-36.571-36.571v-256c0-20 16.571-36.571 36.571-36.571h256c20 0 36.571 16.571 36.571 36.571 0 9.714-4 18.857-10.857 25.714l-78.286 78.286c53.714 50.286 125.143 78.857 198.857 78.857 101.714 0 196-52.571 249.143-139.429 13.714-22.286 20.571-44 30.286-66.857 2.857-8 8.571-13.143 17.143-13.143h109.714c10.286 0 18.286 8.571 18.286 18.286zM877.714 146.286v256c0 20-16.571 36.571-36.571 36.571h-256c-20 0-36.571-16.571-36.571-36.571 0-9.714 4-18.857 10.857-25.714l78.857-78.857c-54.286-50.286-125.714-78.286-199.429-78.286-101.714 0-196 52.571-249.143 139.429-13.714 22.286-20.571 44-30.286 66.857-2.857 8-8.571 13.143-17.143 13.143h-113.714c-10.286 0-18.286-8.571-18.286-18.286v-4c49.143-202.857 217.714-343.429 428.571-343.429 112 0 221.143 44.571 302.286 121.143l74.286-73.714c6.857-6.857 16-10.857 25.714-10.857 20 0 36.571 16.571 36.571 36.571z"],"width":877.7142857142857,"attrs":[],"isMulticolor":false,"isMulticolor2":false,"tags":["refresh"],"defaultCode":61473,"grid":14},"attrs":[],"properties":{"name":"refresh","id":34,"order":19,"prevSize":28,"code":61473},"setIdx":0,"setId":3,"iconIdx":34},{"icon":{"paths":["M219.429 877.714h512v-146.286h-512v146.286zM219.429 512h512v-219.429h-91.429c-30.286 0-54.857-24.571-54.857-54.857v-91.429h-365.714v365.714zM877.714 548.571c0-20-16.571-36.571-36.571-36.571s-36.571 16.571-36.571 36.571 16.571 36.571 36.571 36.571 36.571-16.571 36.571-36.571zM950.857 548.571v237.714c0 9.714-8.571 18.286-18.286 18.286h-128v91.429c0 30.286-24.571 54.857-54.857 54.857h-548.571c-30.286 0-54.857-24.571-54.857-54.857v-91.429h-128c-9.714 0-18.286-8.571-18.286-18.286v-237.714c0-60 49.714-109.714 109.714-109.714h36.571v-310.857c0-30.286 24.571-54.857 54.857-54.857h384c30.286 0 72 17.143 93.714 38.857l86.857 86.857c21.714 21.714 38.857 63.429 38.857 93.714v146.286h36.571c60 0 109.714 49.714 109.714 109.714z"],"width":950.8571428571428,"attrs":[],"isMulticolor":false,"isMulticolor2":false,"tags":["print"],"defaultCode":61487,"grid":14},"attrs":[],"properties":{"name":"print","id":48,"order":20,"prevSize":28,"code":61487},"setIdx":0,"setId":3,"iconIdx":48},{"icon":{"paths":["M1073.714 544c0 13.714-8.571 27.429-17.714 37.714l-192 226.286c-33.143 38.857-100.571 69.714-150.857 69.714h-621.714c-20.571 0-49.714-6.286-49.714-32 0-13.714 8.571-27.429 17.714-37.714l192-226.286c33.143-38.857 100.571-69.714 150.857-69.714h621.714c20.571 0 49.714 6.286 49.714 32zM877.714 347.429v91.429h-475.429c-71.429 0-160 40.571-206.286 95.429l-195.429 229.714c0-4.571-0.571-9.714-0.571-14.286v-548.571c0-70.286 57.714-128 128-128h182.857c70.286 0 128 57.714 128 128v18.286h310.857c70.286 0 128 57.714 128 128z"],"width":1073.7371428571428,"attrs":[],"isMulticolor":false,"isMulticolor2":false,"tags":["folder-open"],"defaultCode":61564,"grid":14},"attrs":[],"properties":{"name":"folder-open","id":118,"order":28,"prevSize":28,"code":61564},"setIdx":0,"setId":3,"iconIdx":118},{"icon":{"paths":["M1024 405.714v453.714c0 50.286-41.143 91.429-91.429 91.429h-841.143c-50.286 0-91.429-41.143-91.429-91.429v-453.714c17.143 18.857 36.571 35.429 57.714 49.714 94.857 64.571 190.857 129.143 284 197.143 48 35.429 107.429 78.857 169.714 78.857h1.143c62.286 0 121.714-43.429 169.714-78.857 93.143-67.429 189.143-132.571 284.571-197.143 20.571-14.286 40-30.857 57.143-49.714zM1024 237.714c0 64-47.429 121.714-97.714 156.571-89.143 61.714-178.857 123.429-267.429 185.714-37.143 25.714-100 78.286-146.286 78.286h-1.143c-46.286 0-109.143-52.571-146.286-78.286-88.571-62.286-178.286-124-266.857-185.714-40.571-27.429-98.286-92-98.286-144 0-56 30.286-104 91.429-104h841.143c49.714 0 91.429 41.143 91.429 91.429z"],"width":1024,"attrs":[],"isMulticolor":false,"isMulticolor2":false,"tags":["envelope"],"defaultCode":61664,"grid":14},"attrs":[],"properties":{"name":"envelope","id":199,"order":21,"prevSize":28,"code":61664},"setIdx":0,"setId":3,"iconIdx":199},{"icon":{"paths":["M838.857 217.143c21.143 21.143 38.857 63.429 38.857 93.714v658.286c0 30.286-24.571 54.857-54.857 54.857h-768c-30.286 0-54.857-24.571-54.857-54.857v-914.286c0-30.286 24.571-54.857 54.857-54.857h512c30.286 0 72.571 17.714 93.714 38.857zM585.143 77.714v214.857h214.857c-3.429-9.714-8.571-19.429-12.571-23.429l-178.857-178.857c-4-4-13.714-9.143-23.429-12.571zM804.571 950.857v-585.143h-237.714c-30.286 0-54.857-24.571-54.857-54.857v-237.714h-438.857v877.714h731.429zM219.429 457.143c0-10.286 8-18.286 18.286-18.286h402.286c10.286 0 18.286 8 18.286 18.286v36.571c0 10.286-8 18.286-18.286 18.286h-402.286c-10.286 0-18.286-8-18.286-18.286v-36.571zM640 585.143c10.286 0 18.286 8 18.286 18.286v36.571c0 10.286-8 18.286-18.286 18.286h-402.286c-10.286 0-18.286-8-18.286-18.286v-36.571c0-10.286 8-18.286 18.286-18.286h402.286zM640 731.429c10.286 0 18.286 8 18.286 18.286v36.571c0 10.286-8 18.286-18.286 18.286h-402.286c-10.286 0-18.286-8-18.286-18.286v-36.571c0-10.286 8-18.286 18.286-18.286h402.286z"],"width":877.7142857142857,"attrs":[],"isMulticolor":false,"isMulticolor2":false,"tags":["file-text-o"],"defaultCode":61686,"grid":14},"attrs":[],"properties":{"name":"file-text-o","id":220,"order":29,"prevSize":28,"code":61686},"setIdx":0,"setId":3,"iconIdx":220},{"icon":{"paths":["M358.286 310.857c0 4.571-2.286 9.714-5.714 13.143l-224.571 224.571 224.571 224.571c3.429 3.429 5.714 8.571 5.714 13.143s-2.286 9.714-5.714 13.143l-28.571 28.571c-3.429 3.429-8.571 5.714-13.143 5.714s-9.714-2.286-13.143-5.714l-266.286-266.286c-3.429-3.429-5.714-8.571-5.714-13.143s2.286-9.714 5.714-13.143l266.286-266.286c3.429-3.429 8.571-5.714 13.143-5.714s9.714 2.286 13.143 5.714l28.571 28.571c3.429 3.429 5.714 8 5.714 13.143z"],"width":384,"attrs":[],"isMulticolor":false,"isMulticolor2":false,"tags":["angle-left"],"defaultCode":61700,"grid":14},"attrs":[],"properties":{"name":"angle-left","id":233,"order":22,"prevSize":28,"code":61700},"setIdx":0,"setId":3,